[
    {
    "model": "post.post",
    "pk": 1,
    "fields": {
      "title": "My post",
      "content": "Content",
      "creation_date": "2024-01-30T12:39:23.571Z",
      "updated_at": "2024-01-30T12:39:23.571Z",
      "owner": 3,
      "tags": [
        1, 3
      ]
    }
  },
  {
    "model": "post.image",
    "pk": 1,
    "fields": {
      "image": "post_image/rice-bowl.jpg",
      "post": 2
    }
  },
  {
    "model": "post.post",
    "pk": 2,
    "fields": {
      "title": "Some post",
      "content": "Some Content",
      "creation_date": "2024-01-30T12:39:23.571Z",
      "updated_at": "2024-01-30T12:39:23.571Z",
      "owner": 3,
      "tags": [
        1, 4
      ]
    }
  },
  {
    "model": "post.post",
    "pk": 3,
    "fields": {
      "title": "Good post",
      "content": "Good Content",
      "creation_date": "2024-01-30T12:39:23.571Z",
      "updated_at": "2024-01-30T12:39:23.571Z",
      "owner": 1,
      "tags": [
        2
      ]
    }
  },
  {
    "model": "post.post",
    "pk": 4,
    "fields": {
      "title": "My post",
      "content": "Content",
      "creation_date": "2024-01-30T12:39:23.571Z",
      "updated_at": "2024-01-30T12:39:23.571Z",
      "owner": 2,
      "tags": [
        3, 2
      ]
    }
  },
  {
    "model": "post.post",
    "pk": 5,
    "fields": {
      "title": "My awesome post",
      "content": "My Content",
      "creation_date": "2024-01-30T12:39:23.571Z",
      "updated_at": "2024-01-30T12:39:23.571Z",
      "owner": 2,
      "tags": [
        4
      ]
    }
  },
  {
    "model": "post.post",
    "pk": 6,
    "fields": {
      "title": "just post",
      "content": "Content",
      "creation_date": "2024-01-30T12:39:23.571Z",
      "updated_at": "2024-01-30T12:39:23.571Z",
      "owner": 4,
      "tags": [
        2
      ]
    }
  },

  {
    "model": "post.tag",
    "pk": 1,
    "fields": {
      "name": "Content"
    }
  },
  {
    "model": "post.tag",
    "pk": 2,
    "fields": {
      "name": "Food"
    }
  },
  {
    "model": "post.tag",
    "pk": 3,
    "fields": {
      "name": "Sport"
    }
  },
  {
    "model": "post.tag",
    "pk": 4,
    "fields": {
      "name": "Travel"
    }
  },


  {
    "model": "post.comment",
    "pk": 1,
    "fields": {
      "content": "Awesome post, I like it!",
      "creation_date": "2024-01-30T12:40:10.192Z",
      "post": 1,
      "owner": 3
    }
  },
  {
    "model": "post.comment",
    "pk": 2,
    "fields": {
      "content": "Good post",
      "creation_date": "2024-01-30T12:40:26.593Z",
      "post": 2,
      "owner": 3
    }
  },
    {
    "model": "post.comment",
    "pk": 3,
    "fields": {
      "content": "Awesome post, I like it!",
      "creation_date": "2024-01-30T12:40:10.192Z",
      "post": 1,
      "owner": 1
    }
  },
  {
    "model": "post.comment",
    "pk": 4,
    "fields": {
      "content": "Good post",
      "creation_date": "2024-01-30T12:40:26.593Z",
      "post": 1,
      "owner": 1
    }
  },
    {
    "model": "post.comment",
    "pk": 5,
    "fields": {
      "content": "Awesome post, I like it!",
      "creation_date": "2024-01-30T12:40:10.192Z",
      "post": 2,
      "owner": 4
    }
  },
  {
    "model": "post.comment",
    "pk": 6,
    "fields": {
      "content": "Good post",
      "creation_date": "2024-01-30T12:40:26.593Z",
      "post": 5,
      "owner": 5
    }
  },
    {
    "model": "post.comment",
    "pk": 7,
    "fields": {
      "content": "Awesome post, I like it!",
      "creation_date": "2024-01-30T12:40:10.192Z",
      "post": 6,
      "owner": 5
    }
  },
  {
    "model": "post.comment",
    "pk": 8,
    "fields": {
      "content": "Good post",
      "creation_date": "2024-01-30T12:40:26.593Z",
      "post": 1,
      "owner": 4
    }
  },
    {
    "model": "post.comment",
    "pk": 9,
    "fields": {
      "content": "Awesome post, I like it!",
      "creation_date": "2024-01-30T12:40:10.192Z",
      "post": 1,
      "owner": 6
    }
  },
  {
    "model": "post.comment",
    "pk": 10,
    "fields": {
      "content": "Good post",
      "creation_date": "2024-01-30T12:40:26.593Z",
      "post": 2,
      "owner": 2
    }
  },
    {
    "model": "post.comment",
    "pk": 11,
    "fields": {
      "content": "Awesome post, I like it!",
      "creation_date": "2024-01-30T12:40:10.192Z",
      "post": 1,
      "owner": 4
    }
  },
  {
    "model": "post.comment",
    "pk": 12,
    "fields": {
      "content": "Good post",
      "creation_date": "2024-01-30T12:40:26.593Z",
      "post": 2,
      "owner": 6
    }
  },
    {
    "model": "post.comment",
    "pk": 13,
    "fields": {
      "content": "Awesome post, I like it!",
      "creation_date": "2024-01-30T12:40:10.192Z",
      "post": 6,
      "owner": 6
    }
  },
  {
    "model": "post.comment",
    "pk": 14,
    "fields": {
      "content": "Good post",
      "creation_date": "2024-01-30T12:40:26.593Z",
      "post": 5,
      "owner": 3
    }
  },
    {
    "model": "post.comment",
    "pk": 15,
    "fields": {
      "content": "Awesome post, I like it!",
      "creation_date": "2024-01-30T12:40:10.192Z",
      "post": 3,
      "owner": 2
    }
  },
  {
    "model": "post.comment",
    "pk": 16,
    "fields": {
      "content": "Good post",
      "creation_date": "2024-01-30T12:40:26.593Z",
      "post": 2,
      "owner": 3
    }
  },

  {
    "model": "post.like",
    "pk": 2,
    "fields": {
      "value": true,
      "created_at": "2024-01-29T15:55:26.211Z",
      "content_type": 15,
      "object_id": 1,
      "owner": 2
    }
  },
  {
    "model": "post.like",
    "pk": 4,
    "fields": {
      "value": true,
      "created_at": "2024-01-30T12:39:30.970Z",
      "content_type": 15,
      "object_id": 1,
      "owner": 3
    }
  },
  {
    "model": "post.like",
    "pk": 5,
    "fields": {
      "value": true,
      "created_at": "2024-01-30T12:40:11.858Z",
      "content_type": 12,
      "object_id": 1,
      "owner": 3
    }
  },
  {
    "model": "post.like",
    "pk": 6,
    "fields": {
      "value": true,
      "created_at": "2024-01-30T12:40:28.114Z",
      "content_type": 12,
      "object_id": 2,
      "owner": 3
    }
  },
  {
    "model": "post.like",
    "pk": 7,
    "fields": {
      "value": true,
      "created_at": "2024-01-30T12:40:29.227Z",
      "content_type": 15,
      "object_id": 2,
      "owner": 3
    }
  },
  {
    "model": "post.like",
    "pk": 8,
    "fields": {
      "value": true,
      "created_at": "2024-01-30T13:17:36.133Z",
      "content_type": 12,
      "object_id": 3,
      "owner": 3
    }
  },
  {
    "model": "post.like",
    "pk": 9,
    "fields": {
      "value": true,
      "created_at": "2024-01-30T13:17:38.188Z",
      "content_type": 12,
      "object_id": 4,
      "owner": 3
    }
  },
  {
    "model": "post.like",
    "pk": 10,
    "fields": {
      "value": true,
      "created_at": "2024-01-30T13:17:40.203Z",
      "content_type": 12,
      "object_id": 8,
      "owner": 3
    }
  },
  {
    "model": "post.like",
    "pk": 11,
    "fields": {
      "value": false,
      "created_at": "2024-01-30T13:17:41.714Z",
      "content_type": 12,
      "object_id": 9,
      "owner": 3
    }
  },
  {
    "model": "post.like",
    "pk": 12,
    "fields": {
      "value": false,
      "created_at": "2024-01-30T13:17:43.392Z",
      "content_type": 12,
      "object_id": 11,
      "owner": 3
    }
  },
  {
    "model": "post.like",
    "pk": 14,
    "fields": {
      "value": true,
      "created_at": "2024-01-30T13:18:49.580Z",
      "content_type": 12,
      "object_id": 14,
      "owner": 3
    }
  },
  {
    "model": "post.like",
    "pk": 17,
    "fields": {
      "value": false,
      "created_at": "2024-01-30T13:19:35.724Z",
      "content_type": 12,
      "object_id": 7,
      "owner": 3
    }
  },
  {
    "model": "post.like",
    "pk": 18,
    "fields": {
      "value": true,
      "created_at": "2024-01-30T13:19:36.564Z",
      "content_type": 15,
      "object_id": 6,
      "owner": 3
    }
  },
  {
    "model": "post.like",
    "pk": 19,
    "fields": {
      "value": true,
      "created_at": "2024-01-30T13:19:43.981Z",
      "content_type": 12,
      "object_id": 17,
      "owner": 3
    }
  },
  {
    "model": "post.like",
    "pk": 20,
    "fields": {
      "value": true,
      "created_at": "2024-01-30T13:19:51.630Z",
      "content_type": 12,
      "object_id": 5,
      "owner": 3
    }
  },
  {
    "model": "post.like",
    "pk": 21,
    "fields": {
      "value": true,
      "created_at": "2024-01-30T13:19:53.691Z",
      "content_type": 12,
      "object_id": 10,
      "owner": 3
    }
  },
  {
    "model": "post.like",
    "pk": 22,
    "fields": {
      "value": true,
      "created_at": "2024-01-30T13:19:55.186Z",
      "content_type": 12,
      "object_id": 12,
      "owner": 3
    }
  },
  {
    "model": "post.like",
    "pk": 23,
    "fields": {
      "value": true,
      "created_at": "2024-01-30T13:19:56.701Z",
      "content_type": 12,
      "object_id": 16,
      "owner": 3
    }
  },
  {
    "model": "post.like",
    "pk": 24,
    "fields": {
      "value": true,
      "created_at": "2024-01-30T13:20:05.661Z",
      "content_type": 12,
      "object_id": 15,
      "owner": 3
    }
  },
  {
    "model": "post.like",
    "pk": 25,
    "fields": {
      "value": true,
      "created_at": "2024-01-30T13:20:06.100Z",
      "content_type": 15,
      "object_id": 3,
      "owner": 3
    }
  },
  {
    "model": "post.like",
    "pk": 26,
    "fields": {
      "value": true,
      "created_at": "2024-01-30T13:20:14.358Z",
      "content_type": 15,
      "object_id": 4,
      "owner": 3
    }
  },
  {
    "model": "post.like",
    "pk": 27,
    "fields": {
      "value": true,
      "created_at": "2024-01-30T13:20:23.789Z",
      "content_type": 12,
      "object_id": 18,
      "owner": 3
    }
  },
  {
    "model": "post.like",
    "pk": 28,
    "fields": {
      "value": true,
      "created_at": "2024-01-30T13:20:30.003Z",
      "content_type": 12,
      "object_id": 19,
      "owner": 3
    }
  },
  {
    "model": "post.like",
    "pk": 29,
    "fields": {
      "value": true,
      "created_at": "2024-01-30T13:20:43.277Z",
      "content_type": 12,
      "object_id": 6,
      "owner": 3
    }
  },
  {
    "model": "post.like",
    "pk": 31,
    "fields": {
      "value": false,
      "created_at": "2024-01-30T13:20:48.860Z",
      "content_type": 15,
      "object_id": 5,
      "owner": 3
    }
  },
  {
    "model": "post.like",
    "pk": 32,
    "fields": {
      "value": true,
      "created_at": "2024-01-30T13:20:58.013Z",
      "content_type": 12,
      "object_id": 20,
      "owner": 3
    }
  },
  {
    "model": "post.like",
    "pk": 34,
    "fields": {
      "value": false,
      "created_at": "2024-01-30T13:21:08.254Z",
      "content_type": 12,
      "object_id": 13,
      "owner": 3
    }
  }
]
