[
    {
    "model": "post.post",
    "pk": 1,
    "fields": {
      "title": "My post",
      "content": "Content",
      "creation_date": "2024-01-30T12:39:23.571Z",
      "updated_at": "2024-01-30T12:39:23.571Z",
      "owner": 3,
      "tags": [
        1, 3
      ]
    }
  },
  {
    "model": "post.image",
    "pk": 1,
    "fields": {
      "image": "post_image/rice-bowl.jpg",
      "post": 2
    }
  },
  {
    "model": "post.post",
    "pk": 2,
    "fields": {
      "title": "Some post",
      "content": "Some Content",
      "creation_date": "2024-01-30T12:39:23.571Z",
      "updated_at": "2024-01-30T12:39:23.571Z",
      "owner": 3,
      "tags": [
        1, 4
      ]
    }
  },
  {
    "model": "post.post",
    "pk": 3,
    "fields": {
      "title": "Good post",
      "content": "Good Content",
      "creation_date": "2024-01-30T12:39:23.571Z",
      "updated_at": "2024-01-30T12:39:23.571Z",
      "owner": 1,
      "tags": [
        2
      ]
    }
  },
  {
    "model": "post.post",
    "pk": 4,
    "fields": {
      "title": "My post",
      "content": "Content",
      "creation_date": "2024-01-30T12:39:23.571Z",
      "updated_at": "2024-01-30T12:39:23.571Z",
      "owner": 2,
      "tags": [
        3, 2
      ]
    }
  },
  {
    "model": "post.post",
    "pk": 5,
    "fields": {
      "title": "My awesome post",
      "content": "My Content",
      "creation_date": "2024-01-30T12:39:23.571Z",
      "updated_at": "2024-01-30T12:39:23.571Z",
      "owner": 2,
      "tags": [
        4
      ]
    }
  },
  {
    "model": "post.post",
    "pk": 6,
    "fields": {
      "title": "just post",
      "content": "Content",
      "creation_date": "2024-01-30T12:39:23.571Z",
      "updated_at": "2024-01-30T12:39:23.571Z",
      "owner": 4,
      "tags": [
        2
      ]
    }
  },

  {
    "model": "post.tag",
    "pk": 1,
    "fields": {
      "name": "Content"
    }
  },
  {
    "model": "post.tag",
    "pk": 2,
    "fields": {
      "name": "Food"
    }
  },
  {
    "model": "post.tag",
    "pk": 3,
    "fields": {
      "name": "Sport"
    }
  },
  {
    "model": "post.tag",
    "pk": 4,
    "fields": {
      "name": "Travel"
    }
  },


  {
    "model": "post.comment",
    "pk": 1,
    "fields": {
      "content": "Awesome post, I like it!",
      "creation_date": "2024-01-30T12:40:10.192Z",
      "post": 1,
      "owner": 3
    }
  },
  {
    "model": "post.comment",
    "pk": 2,
    "fields": {
      "content": "Good post",
      "creation_date": "2024-01-30T12:40:26.593Z",
      "post": 2,
      "owner": 3
    }
  },
    {
    "model": "post.comment",
    "pk": 3,
    "fields": {
      "content": "Awesome post, I like it!",
      "creation_date": "2024-01-30T12:40:10.192Z",
      "post": 1,
      "owner": 1
    }
  },
  {
    "model": "post.comment",
    "pk": 4,
    "fields": {
      "content": "Good post",
      "creation_date": "2024-01-30T12:40:26.593Z",
      "post": 1,
      "owner": 1
    }
  },
    {
    "model": "post.comment",
    "pk": 5,
    "fields": {
      "content": "Awesome post, I like it!",
      "creation_date": "2024-01-30T12:40:10.192Z",
      "post": 2,
      "owner": 4
    }
  },
  {
    "model": "post.comment",
    "pk": 6,
    "fields": {
      "content": "Good post",
      "creation_date": "2024-01-30T12:40:26.593Z",
      "post": 5,
      "owner": 5
    }
  },
    {
    "model": "post.comment",
    "pk": 7,
    "fields": {
      "content": "Awesome post, I like it!",
      "creation_date": "2024-01-30T12:40:10.192Z",
      "post": 6,
      "owner": 5
    }
  },
  {
    "model": "post.comment",
    "pk": 8,
    "fields": {
      "content": "Good post",
      "creation_date": "2024-01-30T12:40:26.593Z",
      "post": 1,
      "owner": 4
    }
  },
    {
    "model": "post.comment",
    "pk": 9,
    "fields": {
      "content": "Awesome post, I like it!",
      "creation_date": "2024-01-30T12:40:10.192Z",
      "post": 1,
      "owner": 6
    }
  },
  {
    "model": "post.comment",
    "pk": 10,
    "fields": {
      "content": "Good post",
      "creation_date": "2024-01-30T12:40:26.593Z",
      "post": 2,
      "owner": 2
    }
  },
    {
    "model": "post.comment",
    "pk": 11,
    "fields": {
      "content": "Awesome post, I like it!",
      "creation_date": "2024-01-30T12:40:10.192Z",
      "post": 1,
      "owner": 4
    }
  },
  {
    "model": "post.comment",
    "pk": 12,
    "fields": {
      "content": "Good post",
      "creation_date": "2024-01-30T12:40:26.593Z",
      "post": 2,
      "owner": 6
    }
  },
    {
    "model": "post.comment",
    "pk": 13,
    "fields": {
      "content": "Awesome post, I like it!",
      "creation_date": "2024-01-30T12:40:10.192Z",
      "post": 6,
      "owner": 6
    }
  },
  {
    "model": "post.comment",
    "pk": 14,
    "fields": {
      "content": "Good post",
      "creation_date": "2024-01-30T12:40:26.593Z",
      "post": 5,
      "owner": 3
    }
  },
    {
    "model": "post.comment",
    "pk": 15,
    "fields": {
      "content": "Awesome post, I like it!",
      "creation_date": "2024-01-30T12:40:10.192Z",
      "post": 3,
      "owner": 2
    }
  },
  {
    "model": "post.comment",
    "pk": 16,
    "fields": {
      "content": "Good post",
      "creation_date": "2024-01-30T12:40:26.593Z",
      "post": 2,
      "owner": 3
    }
  },



    {
    "model": "post.like",
    "pk": 50,
    "fields": {
      "created_at": "2024-01-31T14:54:30.858Z",
      "content_type": 15,
      "object_id": 1,
      "owner": 3
    }
  },
  {
    "model": "post.like",
    "pk": 54,
    "fields": {
      "created_at": "2024-01-31T15:12:35.617Z",
      "content_type": 12,
      "object_id": 8,
      "owner": 3
    }
  },
  {
    "model": "post.like",
    "pk": 55,
    "fields": {
      "created_at": "2024-01-31T15:12:37.255Z",
      "content_type": 12,
      "object_id": 9,
      "owner": 3
    }
  },
  {
    "model": "post.like",
    "pk": 56,
    "fields": {
      "created_at": "2024-01-31T15:12:38.559Z",
      "content_type": 12,
      "object_id": 11,
      "owner": 3
    }
  },
  {
    "model": "post.like",
    "pk": 57,
    "fields": {
      "created_at": "2024-01-31T15:55:00.188Z",
      "content_type": 15,
      "object_id": 2,
      "owner": 3
    }
  },
  {
    "model": "post.like",
    "pk": 58,
    "fields": {
      "created_at": "2024-01-31T15:55:02.034Z",
      "content_type": 12,
      "object_id": 10,
      "owner": 3
    }
  },
  {
    "model": "post.like",
    "pk": 59,
    "fields": {
      "created_at": "2024-01-31T15:55:03.874Z",
      "content_type": 12,
      "object_id": 12,
      "owner": 3
    }
  },
  {
    "model": "post.like",
    "pk": 60,
    "fields": {
      "created_at": "2024-01-31T15:55:05.904Z",
      "content_type": 12,
      "object_id": 16,
      "owner": 3
    }
  },
  {
    "model": "post.like",
    "pk": 61,
    "fields": {
      "created_at": "2024-01-31T15:58:32.894Z",
      "content_type": 12,
      "object_id": 15,
      "owner": 3
    }
  },
  {
    "model": "post.like",
    "pk": 62,
    "fields": {
      "created_at": "2024-01-31T15:58:34.201Z",
      "content_type": 15,
      "object_id": 3,
      "owner": 3
    }
  },
  {
    "model": "post.like",
    "pk": 63,
    "fields": {
      "created_at": "2024-01-31T15:58:39.711Z",
      "content_type": 12,
      "object_id": 17,
      "owner": 3
    }
  },
  {
    "model": "post.like",
    "pk": 64,
    "fields": {
      "created_at": "2024-01-31T15:58:44.434Z",
      "content_type": 15,
      "object_id": 4,
      "owner": 3
    }
  },
  {
    "model": "post.like",
    "pk": 65,
    "fields": {
      "created_at": "2024-01-31T15:59:06.359Z",
      "content_type": 12,
      "object_id": 6,
      "owner": 3
    }
  },
  {
    "model": "post.like",
    "pk": 66,
    "fields": {
      "created_at": "2024-01-31T15:59:07.286Z",
      "content_type": 12,
      "object_id": 14,
      "owner": 3
    }
  },
  {
    "model": "post.like",
    "pk": 67,
    "fields": {
      "created_at": "2024-01-31T15:59:18.832Z",
      "content_type": 15,
      "object_id": 6,
      "owner": 3
    }
  },
  {
    "model": "post.like",
    "pk": 68,
    "fields": {
      "created_at": "2024-01-31T15:59:19.591Z",
      "content_type": 12,
      "object_id": 7,
      "owner": 3
    }
  },
  {
    "model": "post.like",
    "pk": 69,
    "fields": {
      "created_at": "2024-01-31T15:59:20.112Z",
      "content_type": 12,
      "object_id": 13,
      "owner": 3
    }
  },
  {
    "model": "post.like",
    "pk": 70,
    "fields": {
      "created_at": "2024-01-31T15:59:47.448Z",
      "content_type": 12,
      "object_id": 1,
      "owner": 3
    }
  },
  {
    "model": "post.like",
    "pk": 71,
    "fields": {
      "created_at": "2024-01-31T15:59:51.586Z",
      "content_type": 12,
      "object_id": 3,
      "owner": 3
    }
  },
  {
    "model": "post.like",
    "pk": 76,
    "fields": {
      "created_at": "2024-01-31T16:00:45.638Z",
      "content_type": 15,
      "object_id": 4,
      "owner": 2
    }
  },
  {
    "model": "post.like",
    "pk": 78,
    "fields": {
      "created_at": "2024-01-31T16:00:55.071Z",
      "content_type": 15,
      "object_id": 1,
      "owner": 2
    }
  },
  {
    "model": "post.like",
    "pk": 79,
    "fields": {
      "created_at": "2024-01-31T16:00:56.048Z",
      "content_type": 12,
      "object_id": 1,
      "owner": 2
    }
  },
  {
    "model": "post.like",
    "pk": 80,
    "fields": {
      "created_at": "2024-01-31T16:00:57.128Z",
      "content_type": 12,
      "object_id": 3,
      "owner": 2
    }
  },
  {
    "model": "post.like",
    "pk": 81,
    "fields": {
      "created_at": "2024-01-31T16:00:58.183Z",
      "content_type": 12,
      "object_id": 4,
      "owner": 2
    }
  },
  {
    "model": "post.like",
    "pk": 82,
    "fields": {
      "created_at": "2024-01-31T16:01:02.346Z",
      "content_type": 12,
      "object_id": 9,
      "owner": 2
    }
  },
  {
    "model": "post.like",
    "pk": 83,
    "fields": {
      "created_at": "2024-01-31T16:01:03.963Z",
      "content_type": 12,
      "object_id": 11,
      "owner": 2
    }
  },
  {
    "model": "post.like",
    "pk": 84,
    "fields": {
      "created_at": "2024-01-31T16:01:10.642Z",
      "content_type": 12,
      "object_id": 6,
      "owner": 2
    }
  },
  {
    "model": "post.like",
    "pk": 85,
    "fields": {
      "created_at": "2024-01-31T16:01:11.640Z",
      "content_type": 12,
      "object_id": 14,
      "owner": 2
    }
  },
  {
    "model": "post.like",
    "pk": 86,
    "fields": {
      "created_at": "2024-01-31T16:01:12.853Z",
      "content_type": 15,
      "object_id": 5,
      "owner": 2
    }
  },
  {
    "model": "post.like",
    "pk": 87,
    "fields": {
      "created_at": "2024-01-31T16:01:18.000Z",
      "content_type": 15,
      "object_id": 3,
      "owner": 2
    }
  },
  {
    "model": "post.like",
    "pk": 88,
    "fields": {
      "created_at": "2024-01-31T16:01:19.093Z",
      "content_type": 12,
      "object_id": 15,
      "owner": 2
    }
  },
  {
    "model": "post.like",
    "pk": 89,
    "fields": {
      "created_at": "2024-01-31T16:01:20.481Z",
      "content_type": 12,
      "object_id": 17,
      "owner": 2
    }
  },
  {
    "model": "post.like",
    "pk": 90,
    "fields": {
      "created_at": "2024-01-31T16:01:27.010Z",
      "content_type": 12,
      "object_id": 2,
      "owner": 2
    }
  },
  {
    "model": "post.like",
    "pk": 91,
    "fields": {
      "created_at": "2024-01-31T16:01:29.056Z",
      "content_type": 12,
      "object_id": 5,
      "owner": 2
    }
  },
  {
    "model": "post.like",
    "pk": 92,
    "fields": {
      "created_at": "2024-01-31T16:01:30.423Z",
      "content_type": 12,
      "object_id": 10,
      "owner": 2
    }
  },
  {
    "model": "post.like",
    "pk": 93,
    "fields": {
      "created_at": "2024-01-31T16:01:36.245Z",
      "content_type": 15,
      "object_id": 2,
      "owner": 2
    }
  },
  {
    "model": "post.like",
    "pk": 94,
    "fields": {
      "created_at": "2024-01-31T16:01:57.383Z",
      "content_type": 12,
      "object_id": 18,
      "owner": 2
    }
  },
  {
    "model": "post.like",
    "pk": 95,
    "fields": {
      "created_at": "2024-01-31T16:02:07.405Z",
      "content_type": 12,
      "object_id": 7,
      "owner": 2
    }
  },
  {
    "model": "post.like",
    "pk": 96,
    "fields": {
      "created_at": "2024-01-31T16:02:08.442Z",
      "content_type": 12,
      "object_id": 13,
      "owner": 2
    }
  },
  {
    "model": "post.like",
    "pk": 97,
    "fields": {
      "created_at": "2024-01-31T16:02:09.435Z",
      "content_type": 15,
      "object_id": 6,
      "owner": 2
    }
  },
  {
    "model": "post.like",
    "pk": 98,
    "fields": {
      "created_at": "2024-01-31T16:02:31.094Z",
      "content_type": 12,
      "object_id": 1,
      "owner": 1
    }
  },
  {
    "model": "post.like",
    "pk": 99,
    "fields": {
      "created_at": "2024-01-31T16:02:32.413Z",
      "content_type": 15,
      "object_id": 1,
      "owner": 1
    }
  },
  {
    "model": "post.like",
    "pk": 100,
    "fields": {
      "created_at": "2024-01-31T16:02:47.405Z",
      "content_type": 12,
      "object_id": 2,
      "owner": 1
    }
  },
  {
    "model": "post.like",
    "pk": 101,
    "fields": {
      "created_at": "2024-01-31T16:02:49.005Z",
      "content_type": 12,
      "object_id": 12,
      "owner": 1
    }
  },
  {
    "model": "post.like",
    "pk": 102,
    "fields": {
      "created_at": "2024-01-31T16:02:50.139Z",
      "content_type": 12,
      "object_id": 10,
      "owner": 1
    }
  },
  {
    "model": "post.like",
    "pk": 103,
    "fields": {
      "created_at": "2024-01-31T16:02:51.302Z",
      "content_type": 12,
      "object_id": 5,
      "owner": 1
    }
  },
  {
    "model": "post.like",
    "pk": 104,
    "fields": {
      "created_at": "2024-01-31T16:02:52.553Z",
      "content_type": 12,
      "object_id": 16,
      "owner": 1
    }
  },
  {
    "model": "post.like",
    "pk": 105,
    "fields": {
      "created_at": "2024-01-31T16:03:10.452Z",
      "content_type": 15,
      "object_id": 4,
      "owner": 1
    }
  },
  {
    "model": "post.like",
    "pk": 107,
    "fields": {
      "created_at": "2024-01-31T16:03:16.373Z",
      "content_type": 15,
      "object_id": 5,
      "owner": 1
    }
  },
  {
    "model": "post.like",
    "pk": 108,
    "fields": {
      "created_at": "2024-01-31T16:03:25.886Z",
      "content_type": 15,
      "object_id": 6,
      "owner": 1
    }
  },
  {
    "model": "post.like",
    "pk": 109,
    "fields": {
      "created_at": "2024-01-31T16:03:27.633Z",
      "content_type": 12,
      "object_id": 7,
      "owner": 1
    }
  },
  {
    "model": "post.like",
    "pk": 110,
    "fields": {
      "created_at": "2024-01-31T16:03:28.341Z",
      "content_type": 12,
      "object_id": 13,
      "owner": 1
    }
  },


  {
    "model": "post.like",
    "pk": 50,
    "fields": {
      "created_at": "2024-01-31T14:54:30.858Z",
      "content_type": 15,
      "object_id": 1,
      "owner": 3
    }
  },
  {
    "model": "post.like",
    "pk": 54,
    "fields": {
      "created_at": "2024-01-31T15:12:35.617Z",
      "content_type": 12,
      "object_id": 8,
      "owner": 3
    }
  },
  {
    "model": "post.like",
    "pk": 55,
    "fields": {
      "created_at": "2024-01-31T15:12:37.255Z",
      "content_type": 12,
      "object_id": 9,
      "owner": 3
    }
  },
  {
    "model": "post.like",
    "pk": 56,
    "fields": {
      "created_at": "2024-01-31T15:12:38.559Z",
      "content_type": 12,
      "object_id": 11,
      "owner": 3
    }
  },
  {
    "model": "post.like",
    "pk": 57,
    "fields": {
      "created_at": "2024-01-31T15:55:00.188Z",
      "content_type": 15,
      "object_id": 2,
      "owner": 3
    }
  },
  {
    "model": "post.like",
    "pk": 58,
    "fields": {
      "created_at": "2024-01-31T15:55:02.034Z",
      "content_type": 12,
      "object_id": 10,
      "owner": 3
    }
  },
  {
    "model": "post.like",
    "pk": 59,
    "fields": {
      "created_at": "2024-01-31T15:55:03.874Z",
      "content_type": 12,
      "object_id": 12,
      "owner": 3
    }
  },
  {
    "model": "post.like",
    "pk": 60,
    "fields": {
      "created_at": "2024-01-31T15:55:05.904Z",
      "content_type": 12,
      "object_id": 16,
      "owner": 3
    }
  },
  {
    "model": "post.like",
    "pk": 61,
    "fields": {
      "created_at": "2024-01-31T15:58:32.894Z",
      "content_type": 12,
      "object_id": 15,
      "owner": 3
    }
  },
  {
    "model": "post.like",
    "pk": 62,
    "fields": {
      "created_at": "2024-01-31T15:58:34.201Z",
      "content_type": 15,
      "object_id": 3,
      "owner": 3
    }
  },
  {
    "model": "post.like",
    "pk": 63,
    "fields": {
      "created_at": "2024-01-31T15:58:39.711Z",
      "content_type": 12,
      "object_id": 17,
      "owner": 3
    }
  },
  {
    "model": "post.like",
    "pk": 64,
    "fields": {
      "created_at": "2024-01-31T15:58:44.434Z",
      "content_type": 15,
      "object_id": 4,
      "owner": 3
    }
  },
  {
    "model": "post.like",
    "pk": 65,
    "fields": {
      "created_at": "2024-01-31T15:59:06.359Z",
      "content_type": 12,
      "object_id": 6,
      "owner": 3
    }
  },
  {
    "model": "post.like",
    "pk": 66,
    "fields": {
      "created_at": "2024-01-31T15:59:07.286Z",
      "content_type": 12,
      "object_id": 14,
      "owner": 3
    }
  },
  {
    "model": "post.like",
    "pk": 67,
    "fields": {
      "created_at": "2024-01-31T15:59:18.832Z",
      "content_type": 15,
      "object_id": 6,
      "owner": 3
    }
  },
  {
    "model": "post.like",
    "pk": 68,
    "fields": {
      "created_at": "2024-01-31T15:59:19.591Z",
      "content_type": 12,
      "object_id": 7,
      "owner": 3
    }
  },
  {
    "model": "post.like",
    "pk": 69,
    "fields": {
      "created_at": "2024-01-31T15:59:20.112Z",
      "content_type": 12,
      "object_id": 13,
      "owner": 3
    }
  },
  {
    "model": "post.like",
    "pk": 70,
    "fields": {
      "created_at": "2024-01-31T15:59:47.448Z",
      "content_type": 12,
      "object_id": 1,
      "owner": 3
    }
  },
  {
    "model": "post.like",
    "pk": 71,
    "fields": {
      "created_at": "2024-01-31T15:59:51.586Z",
      "content_type": 12,
      "object_id": 3,
      "owner": 3
    }
  },
  {
    "model": "post.like",
    "pk": 76,
    "fields": {
      "created_at": "2024-01-31T16:00:45.638Z",
      "content_type": 15,
      "object_id": 4,
      "owner": 2
    }
  },
  {
    "model": "post.like",
    "pk": 78,
    "fields": {
      "created_at": "2024-01-31T16:00:55.071Z",
      "content_type": 15,
      "object_id": 1,
      "owner": 2
    }
  },
  {
    "model": "post.like",
    "pk": 79,
    "fields": {
      "created_at": "2024-01-31T16:00:56.048Z",
      "content_type": 12,
      "object_id": 1,
      "owner": 2
    }
  },
  {
    "model": "post.like",
    "pk": 80,
    "fields": {
      "created_at": "2024-01-31T16:00:57.128Z",
      "content_type": 12,
      "object_id": 3,
      "owner": 2
    }
  },
  {
    "model": "post.like",
    "pk": 81,
    "fields": {
      "created_at": "2024-01-31T16:00:58.183Z",
      "content_type": 12,
      "object_id": 4,
      "owner": 2
    }
  },
  {
    "model": "post.like",
    "pk": 82,
    "fields": {
      "created_at": "2024-01-31T16:01:02.346Z",
      "content_type": 12,
      "object_id": 9,
      "owner": 2
    }
  },
  {
    "model": "post.like",
    "pk": 83,
    "fields": {
      "created_at": "2024-01-31T16:01:03.963Z",
      "content_type": 12,
      "object_id": 11,
      "owner": 2
    }
  },
  {
    "model": "post.like",
    "pk": 84,
    "fields": {
      "created_at": "2024-01-31T16:01:10.642Z",
      "content_type": 12,
      "object_id": 6,
      "owner": 2
    }
  },
  {
    "model": "post.like",
    "pk": 85,
    "fields": {
      "created_at": "2024-01-31T16:01:11.640Z",
      "content_type": 12,
      "object_id": 14,
      "owner": 2
    }
  },
  {
    "model": "post.like",
    "pk": 86,
    "fields": {
      "created_at": "2024-01-31T16:01:12.853Z",
      "content_type": 15,
      "object_id": 5,
      "owner": 2
    }
  },
  {
    "model": "post.like",
    "pk": 87,
    "fields": {
      "created_at": "2024-01-31T16:01:18.000Z",
      "content_type": 15,
      "object_id": 3,
      "owner": 2
    }
  },
  {
    "model": "post.like",
    "pk": 88,
    "fields": {
      "created_at": "2024-01-31T16:01:19.093Z",
      "content_type": 12,
      "object_id": 15,
      "owner": 2
    }
  },
  {
    "model": "post.like",
    "pk": 89,
    "fields": {
      "created_at": "2024-01-31T16:01:20.481Z",
      "content_type": 12,
      "object_id": 17,
      "owner": 2
    }
  },
  {
    "model": "post.like",
    "pk": 90,
    "fields": {
      "created_at": "2024-01-31T16:01:27.010Z",
      "content_type": 12,
      "object_id": 2,
      "owner": 2
    }
  },
  {
    "model": "post.like",
    "pk": 91,
    "fields": {
      "created_at": "2024-01-31T16:01:29.056Z",
      "content_type": 12,
      "object_id": 5,
      "owner": 2
    }
  },
  {
    "model": "post.like",
    "pk": 92,
    "fields": {
      "created_at": "2024-01-31T16:01:30.423Z",
      "content_type": 12,
      "object_id": 10,
      "owner": 2
    }
  },
  {
    "model": "post.like",
    "pk": 93,
    "fields": {
      "created_at": "2024-01-31T16:01:36.245Z",
      "content_type": 15,
      "object_id": 2,
      "owner": 2
    }
  },
  {
    "model": "post.like",
    "pk": 94,
    "fields": {
      "created_at": "2024-01-31T16:01:57.383Z",
      "content_type": 12,
      "object_id": 18,
      "owner": 2
    }
  },
  {
    "model": "post.like",
    "pk": 95,
    "fields": {
      "created_at": "2024-01-31T16:02:07.405Z",
      "content_type": 12,
      "object_id": 7,
      "owner": 2
    }
  },
  {
    "model": "post.like",
    "pk": 96,
    "fields": {
      "created_at": "2024-01-31T16:02:08.442Z",
      "content_type": 12,
      "object_id": 13,
      "owner": 2
    }
  },
  {
    "model": "post.like",
    "pk": 97,
    "fields": {
      "created_at": "2024-01-31T16:02:09.435Z",
      "content_type": 15,
      "object_id": 6,
      "owner": 2
    }
  },
  {
    "model": "post.like",
    "pk": 98,
    "fields": {
      "created_at": "2024-01-31T16:02:31.094Z",
      "content_type": 12,
      "object_id": 1,
      "owner": 1
    }
  },
  {
    "model": "post.like",
    "pk": 99,
    "fields": {
      "created_at": "2024-01-31T16:02:32.413Z",
      "content_type": 15,
      "object_id": 1,
      "owner": 1
    }
  },
  {
    "model": "post.like",
    "pk": 100,
    "fields": {
      "created_at": "2024-01-31T16:02:47.405Z",
      "content_type": 12,
      "object_id": 2,
      "owner": 1
    }
  },
  {
    "model": "post.like",
    "pk": 101,
    "fields": {
      "created_at": "2024-01-31T16:02:49.005Z",
      "content_type": 12,
      "object_id": 12,
      "owner": 1
    }
  },
  {
    "model": "post.like",
    "pk": 102,
    "fields": {
      "created_at": "2024-01-31T16:02:50.139Z",
      "content_type": 12,
      "object_id": 10,
      "owner": 1
    }
  },
  {
    "model": "post.like",
    "pk": 103,
    "fields": {
      "created_at": "2024-01-31T16:02:51.302Z",
      "content_type": 12,
      "object_id": 5,
      "owner": 1
    }
  },
  {
    "model": "post.like",
    "pk": 104,
    "fields": {
      "created_at": "2024-01-31T16:02:52.553Z",
      "content_type": 12,
      "object_id": 16,
      "owner": 1
    }
  },
  {
    "model": "post.like",
    "pk": 105,
    "fields": {
      "created_at": "2024-01-31T16:03:10.452Z",
      "content_type": 15,
      "object_id": 4,
      "owner": 1
    }
  },
  {
    "model": "post.like",
    "pk": 107,
    "fields": {
      "created_at": "2024-01-31T16:03:16.373Z",
      "content_type": 15,
      "object_id": 5,
      "owner": 1
    }
  },
  {
    "model": "post.like",
    "pk": 108,
    "fields": {
      "created_at": "2024-01-31T16:03:25.886Z",
      "content_type": 15,
      "object_id": 6,
      "owner": 1
    }
  },
  {
    "model": "post.like",
    "pk": 109,
    "fields": {
      "created_at": "2024-01-31T16:03:27.633Z",
      "content_type": 12,
      "object_id": 7,
      "owner": 1
    }
  },
  {
    "model": "post.like",
    "pk": 110,
    "fields": {
      "created_at": "2024-01-31T16:03:28.341Z",
      "content_type": 12,
      "object_id": 13,
      "owner": 1
    }
  }
]
